Activity_Date,Distance_km,Elevation_Gain_ft,Time_min,Age,Days_Since_Last_Activity
2015-02-15,17.87,76.35,79.65,34,0
2015-02-17,8.2,34.53,35.63,34,2
2015-02-18,4.99,33.75,23.65,34,1
2015-02-19,9.91,36.69,40.45,34,1
2015-02-20,19.33,479.89,87.25,34,1
2015-02-23,5,0,23.38,34,3
2015-02-23,4.98,33.61,23.88,34,0
2015-02-24,10.05,36.72,43.65,34,1
2015-02-25,4.92,33.21,23.72,34,1
2015-02-28,10.17,36.97,40.83,34,3
2015-03-01,21.11,116.25,94.88,34,1
2015-03-03,10.06,34.7,44.2,34,2
2015-03-04,4.96,34.8,24.12,34,1
2015-03-05,4.96,32.91,23.47,34,1
2015-03-06,12,275.2,55.13,34,1
2015-03-07,22.68,71.2,101.1,34,1
2015-03-10,12.32,35.08,54.25,34,3
2015-03-11,6.6,34.5,31.92,34,1
2015-03-12,6.59,34.21,31.82,34,1
2015-03-14,4.86,0,22.63,34,2
2015-03-15,21.17,525.95,84.58,34,1
2015-03-15,21.17,525.95,84.62,34,0
2015-03-17,6.64,0,31.5,34,2
2015-03-18,12.94,39.87,56.35,34,1
2015-03-19,6.61,0,30.85,34,1
2015-03-20,13.11,236.51,54.93,34,1
2015-03-22,25.85,1391.48,123.72,34,2
2015-03-24,15.21,183.9,66.57,34,2
2015-03-25,6.66,33.84,31.78,34,1
2015-03-26,6.69,34.97,32.17,34,1
2015-03-27,13.04,245.01,62.03,34,1
2015-03-29,27.55,461.4,118.17,34,2
2015-03-31,14.77,38.35,64.75,34,2
2015-04-01,6.68,34.16,32.8,34,1
2015-04-02,6.64,33.5,31.98,34,1
2015-04-03,14.58,348.38,59.8,34,1
2015-04-04,30.79,444.7,143.75,34,1
2015-04-06,8.2,34.59,39.17,34,2
2015-04-07,16.41,176.8,77.5,34,1
2015-04-08,8.18,34.45,39.17,34,1
2015-04-10,16.26,289.06,75.7,34,2
2015-04-11,32.23,431.53,136.92,34,1
2015-04-13,8.16,34.45,39.17,34,2
2015-04-14,9.92,35.85,47.35,34,1
2015-04-15,8.19,34.45,38.75,34,1
2015-04-17,16.29,172.35,69.88,34,2
2015-04-18,25.78,1436.33,121.52,34,1
2015-04-20,8.18,34.45,39.57,34,2
2015-04-21,16.44,183.65,73.37,34,1
2015-04-22,8.15,34.49,38.52,34,1
2015-04-24,16.13,282.22,65.13,34,2
2015-04-25,34.35,2060.61,160.62,34,1
2015-04-27,8.16,34.43,39.13,34,2
2015-04-28,9.96,36.85,47.52,34,1
2015-04-29,8.16,34.1,38.77,34,1
2015-04-30,16.44,191.04,70.45,34,1
2015-05-02,25.84,1688.41,128.98,34,2
2015-05-04,8.29,37.65,38.1,34,2
2015-05-05,16.27,110.95,66.33,34,1
2015-05-06,8.07,33.27,37.73,34,1
2015-05-08,16.21,286.18,76.6,34,2
2015-05-10,35.42,457.74,157.7,34,2
2015-05-11,8.19,33.24,39.88,34,1
2015-05-12,8.16,33.68,39.13,34,1
2015-05-13,14.18,41.21,60.5,34,1
2015-05-15,6.59,0,26.05,34,2
2015-05-16,26.22,375.51,122.93,34,1
2015-05-18,6.48,0,30.93,34,2
2015-05-19,10.68,36.81,47.18,34,1
2015-05-20,6.6,33.81,31.2,34,1
2015-05-22,6.61,0,26.35,34,2
2015-05-23,13.88,121.46,64.37,34,1
2015-05-25,8.14,34.54,37.77,34,2
2015-05-27,10.76,36.52,46.87,34,2
2015-05-28,6.65,0,31.65,34,1
2015-05-29,4.88,74.8,22.98,34,1
2015-05-30,42.32,251.23,171.42,34,1
2015-06-04,4.86,0,23.22,34,5
2015-06-05,9.99,74.75,38.58,34,1
2015-06-08,6.67,34.43,32.02,34,3
2015-06-09,4.86,0,23.05,34,1
2015-06-12,4.95,35.23,23.52,34,3
2015-06-13,51.01,8934.65,327.17,34,1
2015-06-22,4.97,33.01,23.45,34,9
2015-06-23,4.96,0,22.88,34,1
2015-06-24,8.2,34.51,38.5,34,1
2015-06-26,10.02,35.3,46.8,34,2
2015-06-27,17.78,174.73,81.3,34,1
2015-06-30,10,33.02,46.3,34,3
2015-07-01,6.62,33.97,31.02,34,1
2015-07-02,10.15,35.35,45.43,34,1
2015-07-03,6.84,0,30.95,34,1
2015-07-05,20,483.69,94.25,34,2
2015-07-07,10.55,34.62,45.38,34,2
2015-07-08,6.64,34.44,31.38,34,1
2015-07-10,6.63,34.26,32.13,34,2
2015-07-11,4.98,0,23.23,34,1
2015-07-12,20.93,1878.1,91.7,34,1
2015-07-16,6.66,34.98,31.28,34,4
2015-07-18,10.07,36.61,43.45,34,2
2015-07-19,9.14,227.18,45.67,34,1
2015-07-23,8.17,34.49,36.87,34,4
2015-07-26,21.27,268.36,93.9,34,3
2015-07-28,8.24,34.58,37.42,34,2
2015-07-30,8.33,40.06,34.65,34,2
2015-07-31,10.19,37.78,44.75,34,1
2015-08-02,21.11,462.33,91.95,34,2
2015-08-04,10.14,36.88,44.28,34,2
2015-08-06,8.33,68.15,40.12,34,2
2015-08-07,8.54,67.05,37.05,34,1
2015-08-10,13.74,0,60.18,34,3
2015-08-12,4.98,0,18.18,34,2
2015-08-13,6.55,0,32.02,34,1
2015-08-18,12.97,32.95,53.92,34,5
2015-08-19,10.25,37.69,44.13,34,1
2015-08-21,10.27,34.44,43.4,34,2
2015-08-23,21.32,634.14,99.07,34,2
2015-08-25,8.2,34.41,37.83,34,2
2015-08-27,5,34.82,24.3,34,2
2015-08-28,10.97,153.92,40.55,34,1
2015-08-29,8.17,231.05,31.87,34,1
2015-08-29,8.5,229.99,31.03,34,0
2015-09-02,7.4,34.87,34.87,34,4
2015-09-04,10.58,36.16,48.58,34,2
2015-09-06,13.02,164.18,62.27,34,2
2015-09-09,10.08,38.78,44.8,34,3
2015-09-11,14.77,251.55,64.63,34,2
2015-09-12,24.95,642.95,115.72,34,1
2015-09-15,8.19,34.57,36.4,34,3
2015-09-17,10.06,38.74,45.07,34,2
2015-09-18,16.4,379.33,72.4,34,1
2015-09-22,10.13,34,44.5,34,4
2015-09-23,6.59,33.46,31.78,34,1
2015-09-25,4.99,0,24.03,34,2
2015-09-26,68.5,9926.58,561.73,34,1
2015-09-26,18.94,3706.73,168.5,34,0
2015-09-30,5.68,42.91,25.28,34,4
2015-10-02,7.41,37.08,31.75,34,2
2015-10-03,4.9,0,23.22,34,1
2015-10-04,42.46,793.68,185.73,34,1
2015-10-09,10.01,36.6,47.12,34,5
2015-10-10,16.66,322.33,72.88,34,1
2015-10-13,10.02,35.8,45.82,34,3
2015-10-16,16.49,366.16,74.45,34,3
2015-10-18,24.66,474.33,108.18,34,2
2015-10-20,10.06,34.89,46.57,34,2
2015-10-23,16.61,289.22,74.3,34,3
2015-10-25,22.8,1755.8,116.82,34,2
2015-10-27,8.21,34.45,37.72,34,2
2015-10-29,10.08,35.58,44.18,34,2
2015-11-01,10.87,478.07,46.23,34,3
2015-11-02,10.54,339.64,45.55,34,1
2015-11-05,8.16,34.52,34.9,34,3
2015-11-06,6.64,33.74,30.43,34,1
2015-11-08,44.16,4063.48,256.15,34,2
2015-11-15,13,98.65,57.33,34,7
2015-11-18,10.17,88.09,43.72,34,3
2015-11-20,11.59,43.28,50.15,34,2
2015-11-22,14.95,183.51,61.75,34,2
2015-11-24,10.08,43.82,44.62,34,2
2015-11-25,8.31,76.31,36.65,34,1
2015-11-28,10.56,170.3,46.23,34,3
2015-12-02,8.08,74.68,35.85,34,4
2015-12-04,13.01,45.73,54.07,34,2
2015-12-06,20.25,383.11,87.15,34,2
2015-12-09,8.18,39.41,34.95,34,3
2015-12-11,6.64,34.19,30.77,34,2
2015-12-13,21.22,280.56,80.35,34,2
2015-12-15,6.6,33.48,30.25,34,2
2015-12-16,6.66,35.9,30.7,34,1
2015-12-18,8.18,39.6,34.37,34,2
2015-12-20,17.06,227.34,76.13,34,2
2015-12-21,6.66,33.63,31.5,34,1
2015-12-22,14.57,49.8,61.75,34,1
2015-12-23,8.21,39.52,37.97,34,1
2015-12-26,18.16,862.09,91.88,34,3
2015-12-29,13.38,642.54,55.03,34,3
2015-12-31,13.02,611.88,52.73,34,2
2016-01-02,21.17,68.54,90.97,35,2
2016-01-05,6.58,0,34.4,35,3
2016-01-05,6.75,0,36.52,35,0
2016-01-11,6.65,0,30.63,35,6
2016-01-12,6.71,40.84,30.47,35,1
2016-01-13,11.7,44.76,50.57,35,1
2016-01-15,11.58,43.45,47.68,35,2
2016-01-16,24.18,68.5,108.98,35,1
2016-01-19,6.57,0,30.18,35,3
2016-01-19,12.99,0,57.85,35,0
2016-01-20,6.71,43.45,31.77,35,1
2016-01-22,12.93,45.71,51.92,35,2
2016-01-23,28.46,3360.4,124.55,35,1
2016-01-25,8.17,39.52,38.68,35,2
2016-01-26,14.8,34.42,64.65,35,1
2016-01-27,8.19,39.49,38.83,35,1
2016-01-29,13.14,243.62,61.58,35,2
2016-01-30,27.46,452.74,114.18,35,1
2016-02-01,8.18,39.09,38.55,35,2
2016-02-02,14.67,35.77,63.62,35,1
2016-02-03,8.18,38.98,38.65,35,1
2016-02-05,14.67,192.96,57.93,35,2
2016-02-06,32.21,1188.65,153.65,35,1
2016-02-08,8.18,39.58,38.75,35,2
2016-02-09,16.24,316.6,76.18,35,1
2016-02-10,8.14,39.62,38.53,35,1
2016-02-12,16.13,199.08,74.88,35,2
2016-02-13,32.35,319.86,136.5,35,1
2016-02-15,10.05,43.61,46.42,35,2
2016-02-16,16.32,35.53,71.15,35,1
2016-02-17,9.98,44.01,46.78,35,1
2016-02-20,25.93,1095.9,118.58,35,3
2016-02-21,16.16,601.03,66.18,35,1
2016-02-22,16.16,329.23,74.4,35,1
2016-02-23,10.08,50.48,46.37,35,1
2016-02-24,16.18,578.48,70.42,35,1
2016-02-29,10.09,43.2,45.63,35,5
2016-03-01,16.33,0,68.23,35,1
2016-03-02,10.1,43.31,47.1,35,1
2016-03-04,10.08,47.81,46.65,35,2
2016-03-05,34.11,1745.89,157.63,35,1
2016-03-09,9.67,42.35,47.08,35,4
2016-03-11,6.66,34.1,30.53,35,2
2016-03-12,4.97,0,22.9,35,1
2016-03-13,21.26,534.08,81.5,35,1
2016-03-15,10.09,43.26,47.3,35,2
2016-03-16,13.12,68.27,57.85,35,1
2016-03-17,10.1,43.31,46.83,35,1
2016-03-18,13.13,46.1,51.68,35,1
2016-03-19,25.83,1574.18,130.12,35,1
2016-03-21,10.09,43.65,47.12,35,2
2016-03-22,16.83,106.39,65.15,35,1
2016-03-23,10.09,43.2,45.72,35,1
2016-03-25,16.62,359.56,73.8,35,2
2016-03-26,35.49,575.52,145,35,1
2016-03-28,10.07,43.77,45.92,35,2
2016-03-29,13.68,0,57.37,35,1
2016-03-30,10.04,43.77,45.77,35,1
2016-04-01,6.9,0,26.5,35,2
2016-04-02,27.52,468.29,122.55,35,1
2016-04-04,8.19,39,38.63,35,2
2016-04-05,10.65,45.79,46.12,35,1
2016-04-06,8.17,39.13,37.62,35,1
2016-04-08,6.8,0,26.08,35,2
2016-04-09,19.48,597.77,88.38,35,1
2016-04-11,8.18,39.5,38.15,35,2
2016-04-12,6.61,33.16,30.68,35,1
2016-04-14,10.95,0,46.62,35,2
2016-04-15,6.64,32.93,30.78,35,1
2016-04-17,5.07,0,24.4,35,2
2016-04-18,42.44,606.36,171.77,35,1
2016-04-24,9.02,39.47,43.77,35,6
2016-04-27,8.18,37.09,39.2,35,3
2016-04-28,8.18,38.65,38.17,35,1
2016-04-29,10.08,43.37,47.48,35,1
2016-04-30,13.14,170.17,61.78,35,1
2016-05-03,10.28,43.35,47.15,35,3
2016-05-04,8.3,43.68,38.87,35,1
2016-05-05,8.18,38.69,37.9,35,1
2016-05-06,10.11,119.63,45.92,35,1
2016-05-07,16.33,348.93,77.18,35,1
2016-05-09,8.16,37.93,38.83,35,2
2016-05-10,11.59,43.46,53.25,35,1
2016-05-11,8.2,43.77,38.48,35,1
2016-05-13,4.86,0,23.47,35,2
2016-05-14,46.45,6435.07,298.85,35,1
2016-05-17,6.72,0,33.28,35,3
2016-05-18,8.13,39.32,38.43,35,1
2016-05-20,10.02,43.98,46.55,35,2
2016-05-21,13.01,169.9,59.98,35,1
2016-05-23,8.16,39.68,38.58,35,2
2016-05-24,10.06,43.77,45.33,35,1
2016-05-25,11.55,47.81,52.17,35,1
2016-05-27,8.18,39.44,37.92,35,2
2016-05-28,16.23,315.76,74.08,35,1
2016-05-30,10.03,43.34,44.3,35,2
2016-05-31,14.57,325.48,66.67,35,1
2016-06-01,8.19,39.5,37.45,35,1
2016-06-03,11.34,0,48.4,35,2
2016-06-04,24.3,561.9,125.95,35,1
2016-06-06,10.07,43.61,46.55,35,2
2016-06-07,8.24,39.33,37.78,35,1
2016-06-08,13.25,0,58.4,35,1
2016-06-10,10.09,47.42,45.9,35,2
2016-06-11,19.86,300.13,88.83,35,1
2016-06-14,10.06,43.5,46.67,35,3
2016-06-15,11.43,0,50.77,35,1
2016-06-17,8.2,38.97,36.8,35,2
2016-06-18,6.45,35.96,30.52,35,1
2016-06-19,41.97,418.41,166.02,35,1
2016-06-28,8.22,39.22,39.03,35,9
2016-07-01,8.08,33.63,37.83,35,3
2016-07-03,13.74,89.04,63.1,35,2
2016-07-15,8.37,73.96,37.98,35,12
2016-07-17,16.14,194,72.93,35,2
2016-07-19,8.2,39.32,37.88,35,2
2016-07-22,10.49,43.34,47.9,35,3
2016-07-24,17.84,252.61,80.43,35,2
2016-07-26,8.18,38.21,37.52,35,2
2016-07-29,17.61,793.62,78.12,35,3
2016-07-30,14.24,234.79,63.12,35,1
2016-07-30,8.93,157.9,38.72,35,0
2016-08-04,10.12,43.26,46.05,35,5
2016-08-07,7.45,0,32.57,35,3
2016-08-10,4.13,0,21.68,35,3
2016-08-10,4.98,0,18.3,35,0
2016-08-10,4.98,0,18.28,35,0
2016-08-13,10.67,170.48,48.95,35,3
2016-08-16,8.87,38.93,41.18,35,3
2016-08-19,10.01,43.33,45.3,35,3
2016-08-23,6.87,105.45,31.82,35,4
2016-08-26,10.02,43.44,43.28,35,3
2016-08-27,14.55,336.38,63.95,35,1
2016-08-30,8.39,108.88,38.83,35,3
2016-09-02,10.08,43.28,42.77,35,3
2016-09-03,24.19,599.47,109.08,35,1
2016-09-07,10.09,43.39,45.57,35,4
2016-09-09,8.24,38.69,38.2,35,2
2016-09-10,23.41,386.63,110.9,35,1
2016-09-14,9.86,70.64,44.7,35,4
2016-09-16,10.06,43.87,45.6,35,2
2016-09-17,15.21,227.25,66.48,35,1
2016-09-19,8.14,53.2,35.73,35,2
2016-09-22,6.64,0,31.07,35,3
2016-09-23,10.05,40.51,37.25,35,1
2016-09-24,16.16,294.72,71.68,35,1
2016-09-28,8.19,39.52,38.28,35,4
2016-09-30,10.28,67.81,46.55,35,2
2016-10-01,30.96,1878.33,153.47,35,1
2016-10-04,8.14,35.18,38.08,35,3
2016-10-06,10.06,82.26,42.93,35,2
2016-10-07,8.14,48.94,34.75,35,1
2016-10-11,10.12,43.77,46.42,35,4
2016-10-14,10.06,43.68,45.43,35,3
2016-10-16,24.48,834.49,112.62,35,2
2016-10-19,10.05,86.52,45.65,35,3
2016-10-21,10.3,75.69,46.65,35,2
2016-10-23,27.39,1603.34,141.67,35,2
2016-10-25,10.06,43.4,44.9,35,2
2016-10-27,10.17,88.47,45.05,35,2
2016-10-28,16.27,320.84,74.27,35,1
2016-11-01,10.01,43.31,46,35,4
2016-11-04,6.62,34.56,30.15,35,3
2016-11-05,44.21,3475.33,290.32,35,1
2016-11-15,6.66,34.7,30.63,35,10
2016-11-18,8.2,39.09,37.3,35,3
2016-11-20,13.04,249.52,54.82,35,2
2016-11-22,8.25,43.79,37.48,35,2
2016-11-25,14.5,327.01,65.6,35,3
2016-11-27,10.36,170.08,45.35,35,2
2016-11-29,8.19,39.7,36.02,35,2
2016-12-02,16.69,358.27,72.03,35,3
2016-12-06,11.33,0,49.88,35,4
2016-12-07,8.23,39.61,36.92,35,1
2016-12-08,6.88,32.9,31.87,35,1
2016-12-10,4.98,0,23.52,35,2
2016-12-11,21.18,305.55,80.7,35,1
2016-12-13,8.18,38.11,37.4,35,2
2016-12-14,8.29,73.59,36.42,35,1
2016-12-15,11.45,46.68,58.93,35,1
2016-12-18,26.18,1555.15,134.3,35,3
2016-12-20,11.88,44.45,55.87,35,2
2016-12-21,8.18,38.89,38.08,35,1
2016-12-22,8.22,38.91,37.35,35,1
2016-12-23,11.57,43.07,49.7,35,1
2016-12-26,30.6,848.56,143.77,35,3
2016-12-28,11.34,741.47,50.62,35,2
2016-12-31,26.25,1036.12,121.27,35,3
2017-01-03,10.04,45.47,44.83,36,3
2017-01-04,6.65,0,31.32,36,1
2017-01-05,8.18,38.9,37.5,36,1
2017-01-06,13.05,247.01,56.25,36,1
2017-01-07,22.66,1493.36,115.6,36,1
2017-01-10,11.44,0,48.08,36,3
2017-01-11,8.22,42.15,39.35,36,1
2017-01-12,8.22,38.94,40.3,36,1
2017-01-13,16.44,53.63,80.88,36,1
2017-01-14,32.28,929.93,165.68,36,1
2017-01-16,8.3,39.33,41,36,2
2017-01-17,16.1,50.68,79.12,36,1
2017-01-19,9.57,0,42.08,36,2
2017-01-19,1.77,180,7.78,36,0
2017-01-20,16.13,326.23,71.73,36,1
2017-01-21,19.68,419.91,86.75,36,1
2017-01-23,8.21,38.89,37.7,36,2
2017-01-24,13.05,0,53.88,36,1
2017-01-26,8.14,38.9,37.45,36,2
2017-01-27,11.5,243.2,51.28,36,1
2017-01-28,36.45,1660.14,175.2,36,1
2017-01-30,6.61,0,31.97,36,2
2017-01-31,13.04,0,56.32,36,1
2017-02-02,9.96,43.2,45.52,36,2
2017-02-04,22.97,1577.47,112.63,36,2
2017-02-05,8.19,38.89,37.47,36,1
2017-02-06,8.15,42.14,38.8,36,1
2017-02-07,16.22,589.41,75.48,36,1
2017-02-09,11.36,247.21,52.4,36,2
2017-02-10,16.31,321.94,73.33,36,1
2017-02-11,32.31,1278.15,155.92,36,1
2017-02-13,8.2,38.89,38.3,36,2
2017-02-14,16.34,289.25,69.7,36,1
2017-02-16,11.35,251.57,52.67,36,2
2017-02-17,16.25,323.82,73.72,36,1
2017-02-18,38.69,2484.44,196.27,36,1
2017-02-20,8.13,38.95,37.87,36,2
2017-02-21,13.06,244.52,61.5,36,1
2017-02-23,10.01,42.63,49.02,36,2
2017-02-24,12.96,663.25,60.65,36,1
2017-02-25,29.35,2161.5,149.18,36,1
2017-02-27,8.22,38.86,40.05,36,2
2017-02-28,8.26,138.15,37.32,36,1
2017-03-02,11.35,246.99,47.3,36,2
2017-03-03,8.17,38.87,37.92,36,1
2017-03-05,51.78,3868.08,280.92,36,2
2017-03-06,8.19,38.91,43.9,36,1
2017-03-07,8.19,42.17,39.3,36,1
2017-03-09,12.92,0,55.83,36,2
2017-03-10,10.07,42.73,47.22,36,1
2017-03-11,29.62,2409.81,160.6,36,1
2017-03-13,10.08,45.07,48.13,36,2
2017-03-14,16.32,1059.27,80.9,36,1
2017-03-16,16.23,324.77,73.43,36,2
2017-03-18,40.84,3081.09,228.98,36,2
2017-03-19,14.94,587.6,56.25,36,1
2017-03-20,8.19,38.91,41.68,36,1
2017-03-21,9.7,155.73,47.63,36,1
2017-03-23,10.06,44.31,47.12,36,2
2017-03-24,8.22,42.3,38.48,36,1
2017-03-25,29.08,2175.37,151.02,36,1
2017-03-27,8.18,38.93,39.68,36,2
2017-03-28,11.64,42.69,50.85,36,1
2017-03-29,8.63,155.74,40.62,36,1
2017-03-30,8.21,38.9,38.3,36,1
2017-03-31,16.34,230.49,74.42,36,1
2017-04-03,8.23,38.9,35.3,36,3
2017-04-05,6.52,0,30.42,36,2
2017-04-07,3.91,0,19.05,36,2
2017-04-08,99.63,11701.12,703.12,36,1
2017-04-14,4.92,0,24.27,36,6
2017-04-15,8.71,50.3,42.03,36,1
2017-04-17,8.17,38.92,39.88,36,2
2017-04-18,9.66,42.65,45.83,36,1
2017-04-20,12.89,274.69,60.77,36,2
2017-04-22,17.75,932.22,85.63,36,2
2017-04-23,4.9,141.28,17.47,36,1
2017-04-25,6.59,0,32.47,36,2
2017-04-26,4.96,0,23.43,36,1
2017-04-28,3.61,0,17.22,36,2
2017-04-29,4.02,0,27,36,1
2017-04-29,76.47,7593.08,534.25,36,0
2017-05-05,5.06,0,23.83,36,6
2017-05-06,8.13,107.78,38.48,36,1
2017-05-08,8.2,38.92,39.1,36,2
2017-05-09,9.89,150.55,47.05,36,1
2017-05-11,13.05,145.27,61.55,36,2
2017-05-12,16.15,181.8,74.93,36,1
2017-05-13,8.2,38.89,37.75,36,1
2017-05-15,8.18,42.14,38.18,36,2
2017-05-16,10.02,155.4,45.15,36,1
2017-05-18,13.14,246.78,55.33,36,2
2017-05-19,12.94,145.89,58.18,36,1
2017-05-20,28.66,2233.45,147.63,36,1
2017-05-22,8.19,38.89,39.2,36,2
2017-05-23,11.37,554.17,54.9,36,1
2017-05-25,16.28,309.39,72.47,36,2
2017-05-26,8.9,385.92,40.52,36,1
2017-05-28,20.43,390.1,90.6,36,2
2017-05-29,8.15,124.17,37.63,36,1
2017-05-30,11.34,325.49,54.33,36,1
2017-05-31,8.34,257.36,37.73,36,1
2017-06-02,2.12,34.77,11.03,36,2
2017-06-02,10.07,164.7,36.68,36,0
2017-06-04,28.1,5194.16,214.37,36,2
2017-06-05,11.7,324.06,55.35,36,1
2017-06-06,8.07,242.58,38.6,36,1
2017-06-07,5.13,96.49,25.3,36,1
2017-06-09,3.37,39.54,16.32,36,2
2017-06-10,49.79,8596.49,314.33,36,1
2017-06-12,6.63,110.88,34.05,36,2
2017-06-13,8.2,131.07,39.93,36,1
2017-06-15,11.42,324.9,53.85,36,2
2017-06-16,16.22,449.99,75.82,36,1
2017-06-17,21.32,2819.55,107.38,36,1
2017-06-19,8.16,130.55,40.28,36,2
2017-06-20,11.28,136.34,54.13,36,1
2017-06-22,11.37,323.43,52.62,36,2
2017-06-23,8.29,126.44,38.42,36,1
2017-06-25,37.03,2308.95,214.77,36,2
2017-06-26,8.17,130.07,40.38,36,1
2017-06-27,11.3,327.77,51.75,36,1
2017-06-29,27.65,1333.81,130.3,36,2
2017-06-30,16.27,431.4,74.82,36,1
2017-07-03,10.11,915.52,49.12,36,3
2017-07-05,8.2,131.14,37.7,36,2
2017-07-06,11.5,610.57,54.28,36,1
2017-07-07,29.06,1272.85,135,36,1
2017-07-08,16.27,307.8,73.2,36,1
2017-07-10,8.18,130.48,38.13,36,2
2017-07-11,11.84,136.57,49.38,36,1
2017-07-13,8.71,230.31,40.68,36,2
2017-07-14,16.32,434.8,76.02,36,1
2017-07-15,39.05,3327.3,226.62,36,1
2017-07-17,8.18,130.28,39.18,36,2
2017-07-18,11.46,602.96,54.63,36,1
2017-07-20,16.23,227.79,74.35,36,2
2017-07-21,27.6,1210.13,130.55,36,1
2017-07-22,32.21,1318.62,163.32,36,1
2017-07-24,8.2,130.2,38.17,36,2
2017-07-25,8.16,220.79,38.45,36,1
2017-07-27,27.68,1201.56,128.93,36,2
2017-07-28,69.01,11140.55,545.15,36,1
2017-07-31,9.68,150.7,48.7,36,3
2017-08-01,16.23,451.38,75.23,36,1
2017-08-02,8.17,126.21,38.72,36,1
2017-08-03,27.64,1237.35,130.35,36,1
2017-08-06,19.34,78.86,83.33,36,3
2017-08-07,10.01,47.46,45.05,36,1
2017-08-08,13.91,46.7,62,36,1
2017-08-09,4.96,29.69,17.68,36,1
2017-08-10,8.24,16.63,40.8,36,1
2017-08-12,29.81,2490.59,156.77,36,2
2017-08-14,10.28,139.33,48.03,36,2
2017-08-15,16.14,958.12,76.07,36,1
2017-08-17,16.15,448.01,70.97,36,2
2017-08-18,27.52,1187.66,126.33,36,1
2017-08-19,39.09,3139.76,218.2,36,1
2017-08-21,8.22,127.95,39.5,36,2
2017-08-22,9.9,134.51,47.87,36,1
2017-08-24,9.99,229.66,46.68,36,2
2017-08-25,8.15,193.57,38.53,36,1
2017-08-26,29.07,2365.49,157.48,36,1
2017-08-28,8.2,124.67,39,36,2
2017-08-29,11.36,114.83,49.48,36,1
2017-08-31,13.11,311.68,57.33,36,2
2017-09-01,16.12,354.33,72.97,36,1
2017-09-02,33.81,1519.03,174.88,36,1
2017-09-05,9.85,131.23,44.13,36,3
2017-09-05,9.74,0,45.5,36,0
2017-09-08,8.17,134.51,37.6,36,3
2017-09-09,30.61,1079.4,146.12,36,1
2017-09-11,8.16,118.11,39.32,36,2
2017-09-12,11.48,124.67,50.18,36,1
2017-09-14,8.18,121.39,38.48,36,2
2017-09-15,8.13,193.57,38.98,36,1
2017-09-16,16.12,282.15,71.65,36,1
2017-09-18,8.16,127.95,40.5,36,2
2017-09-20,6.55,177.17,31.53,36,2
2017-09-22,3.26,32.81,15.25,36,2
2017-09-23,142.97,10715.22,1206.05,36,1
2017-10-05,8.22,127.95,37.68,36,12
2017-10-06,8.22,121.39,37,36,1
2017-10-08,22.64,285.43,96.38,36,2
2017-10-08,2.59,42.65,14.38,36,0
2017-10-13,8.25,114.83,38.67,36,5
2017-10-14,10.61,311.68,47.67,36,1
2017-10-17,10.03,141.08,46.13,36,3
2017-10-20,12.12,291.99,56.23,36,3
2017-10-21,16.27,429.79,73.25,36,1
2017-10-24,10.58,334.65,48.68,36,3
2017-10-27,12.2,295.28,55.68,36,3
2017-10-29,18.13,446.19,81.67,36,2
2017-10-31,12.25,328.08,55.67,36,2
2017-11-03,10.49,131.23,47.38,36,3
2017-11-04,17.76,475.72,77.18,36,1
2017-11-11,10.05,164.04,43.33,36,7
2017-11-12,16.2,295.28,70.9,36,1
2017-11-14,16.2,331.36,72.3,36,2
2017-11-18,10.35,154.2,45.6,36,4
2017-11-19,12.91,334.65,56.97,36,1
2017-11-22,10.06,131.23,47.97,36,3
2017-11-23,5.15,85.3,23.55,36,1
2017-11-26,24.17,459.32,107.65,36,3
2017-11-30,10.14,298.56,46.4,36,4
2017-12-01,8.18,121.39,37.6,36,1
2017-12-02,12.99,242.78,59.5,36,1
2017-12-05,13.36,157.48,56.4,36,3
2017-12-07,13.03,236.22,57.88,36,2
2017-12-10,13.13,360.89,56.27,36,3
2017-12-13,8.2,137.8,37.15,36,3
2017-12-15,8.06,265.75,35.43,36,2
2017-12-16,12.11,324.8,51.22,36,1
2017-12-19,10.01,196.85,44.05,36,3
2017-12-21,10.17,298.56,44.23,36,2
2017-12-24,16.34,393.7,72.3,36,3
2017-12-27,11.28,131.23,55.08,36,3
2017-12-29,10.03,177.17,46.02,36,2
2017-12-31,12.97,337.93,56.07,36,2
2018-01-03,8.18,134.51,36.7,37,3
2018-01-05,11.36,187.01,52.37,37,2
2018-01-06,19.42,410.1,82.47,37,1
2018-01-09,9.99,134.51,45.82,37,3
2018-01-12,11.76,203.41,54.12,37,3
2018-01-13,24.25,472.44,105.12,37,1
2018-01-16,10.06,141.08,44.57,37,3
2018-01-19,16.2,433.07,73.38,37,3
2018-01-20,24.33,754.59,110.05,37,1
2018-01-23,8.16,131.23,37.3,37,3
2018-01-26,10,173.88,45.52,37,3
2018-01-28,19.46,298.56,84.65,37,2
2018-01-30,11.33,164.04,51.48,37,2
2018-02-02,12.97,334.65,56.95,37,3
2018-02-03,30.61,400.26,131.35,37,1
2018-02-06,8.18,127.95,36.77,37,3
2018-02-09,14.65,370.73,65.58,37,3
2018-02-10,18.51,269.03,78.8,37,1
2018-02-13,10.03,147.64,44.25,37,3
2018-02-16,16.31,196.85,70.85,37,3
2018-02-18,22.99,1809.71,118.17,37,2
2018-02-20,9.74,164.04,43.37,37,2
2018-02-23,14.6,183.73,63.77,37,3
2018-02-24,25.8,524.93,110.3,37,1
2018-02-27,9.81,173.88,44.45,37,3
2018-03-02,8.19,127.95,38.75,37,3
2018-03-03,29.95,305.12,119.05,37,1
2018-03-06,9.86,167.32,43.63,37,3
2018-03-09,13.25,55.77,74.07,37,3
2018-03-11,9.89,39.37,64.25,37,2
2018-03-13,11.43,147.64,52.18,37,2
2018-03-15,11.82,314.96,54.32,37,2
2018-03-16,8.06,101.71,36.47,37,1
2018-03-17,14.74,367.45,66.97,37,1
2018-03-18,4.67,200.13,24.15,37,1
2018-03-18,2,0,9.5,37,0
2018-03-18,14.95,600.39,56.67,37,0
2018-03-19,9.87,154.2,48.83,37,1
2018-03-20,11.32,272.31,50.67,37,1
2018-03-22,11.32,252.62,53,37,2
2018-03-23,13.07,331.36,58.37,37,1
2018-03-24,25.88,1630.58,133.28,37,1
2018-03-26,14.87,351.05,65.95,37,2
2018-03-28,14.65,357.61,65.35,37,2
2018-03-29,25.8,561.02,113.37,37,1
2018-03-30,12.91,314.96,57.93,37,1
2018-03-31,9.7,524.93,41.48,37,1
2018-04-03,15.3,728.35,66.85,37,3
2018-04-07,22.71,1640.42,111.45,37,4
2018-04-08,11.47,213.25,50.53,37,1
2018-04-09,9.78,160.76,45.22,37,1
2018-04-10,13.06,170.6,60.72,37,1
2018-04-12,13.02,164.04,54.83,37,2
2018-04-13,12.97,328.08,58.85,37,1
2018-04-14,30.65,1151.57,143.9,37,1
2018-04-16,13.03,255.91,60.8,37,2
2018-04-17,16.21,275.59,71.73,37,1
2018-04-19,13.08,157.48,57.27,37,2
2018-04-20,29.87,1394.36,150.12,37,1
2018-04-21,8.1,137.8,39.02,37,1
2018-04-22,4.89,183.73,17.52,37,1
2018-04-23,9.93,164.04,46.43,37,1
2018-04-24,16.14,423.23,74.98,37,1
2018-04-26,12.97,295.28,58.62,37,2
2018-04-27,16.22,951.44,79,37,1
2018-04-28,32.21,2700.13,175.57,37,1
2018-04-30,8.15,124.67,39.28,37,2
2018-05-01,11.43,118.11,48.37,37,1
2018-05-03,9.79,144.36,45.3,37,2
2018-05-04,13.06,295.28,60.17,37,1
2018-05-05,22.7,1656.82,113.47,37,1
2018-05-07,13.06,301.84,60.27,37,2
2018-05-08,16.13,200.13,68.6,37,1
2018-05-10,13.03,255.91,59.15,37,2
2018-05-11,16.57,370.73,73.45,37,1
2018-05-12,32.39,2726.38,175.62,37,1
2018-05-14,12.94,298.56,60.5,37,2
2018-05-15,16.23,213.25,70.62,37,1
2018-05-17,28.02,1171.26,124.25,37,2
2018-05-18,16.29,173.88,75.45,37,1
2018-05-20,35.43,2191.6,191.62,37,2
2018-05-20,1.61,0,8.7,37,0
2018-05-21,8.18,39.37,39.35,37,1
2018-05-22,11.32,59.06,52.87,37,1
2018-05-24,16.24,164.04,75.3,37,2
2018-05-25,10.13,45.93,46.53,37,1
2018-05-27,6.57,19.69,31.37,37,2
2018-05-28,42.74,3874.67,238.02,37,1
2018-05-29,7.24,0,34.33,37,1
2018-05-30,8.16,131.23,40.03,37,1
2018-05-31,12.92,229.66,61.58,37,1
2018-06-01,16.19,288.71,75.07,37,1
2018-06-03,26.04,1630.58,131.53,37,2
2018-06-04,13.08,318.24,61.93,37,1
2018-06-05,16.26,275.59,74.88,37,1
2018-06-07,16.26,160.76,73.67,37,2
2018-06-08,16.52,367.45,75.2,37,1
2018-06-09,25.87,1584.06,124.02,37,1
2018-06-11,4.85,88.58,23.82,37,2
2018-06-12,16.35,298.56,74.88,37,1
2018-06-13,9.83,154.2,46.87,37,1
2018-06-15,6.5,121.39,33.83,37,2
2018-06-16,78.72,6978.35,464.72,37,1
2018-06-19,8.19,36.09,42.62,37,3
2018-06-20,16.26,167.32,78.15,37,1
2018-06-21,16.2,183.73,77.63,37,1
2018-06-22,21.17,177.17,94.72,37,1
2018-06-25,16.17,22.97,80.03,37,3
2018-06-27,16.23,13.12,75.17,37,2
2018-06-29,38.83,3310.37,222.65,37,2
2018-06-30,29.27,2224.41,160.25,37,1
2018-07-02,8.21,124.67,40.05,37,2
2018-07-03,16.19,203.41,76.03,37,1
2018-07-04,16.94,223.1,75.08,37,1
2018-07-05,11.97,223.1,56.03,37,1
2018-07-06,11.39,311.68,53.77,37,1
2018-07-08,20.9,1909.45,87.3,37,2
2018-07-09,8.2,36.09,41.82,37,1
2018-07-10,12.98,164.04,61.4,37,1
2018-07-12,16.18,209.97,76.02,37,2
2018-07-13,18.59,301.84,83.15,37,1
2018-07-14,8.27,164.04,39.97,37,1
2018-07-14,8.07,318.24,42.63,37,0
2018-07-15,10.49,232.94,47.08,37,1
2018-07-16,8.17,111.55,38.8,37,1
2018-07-17,27.68,1161.42,125.15,37,1
2018-07-18,12.91,85.3,60.9,37,1
2018-07-20,16.15,285.43,79.8,37,2
2018-07-21,33.29,941.6,155.22,37,1
2018-07-23,8.15,42.65,39.38,37,2
2018-07-24,27.6,846.46,127.13,37,1
2018-07-25,65.93,8999.34,509.8,37,1
2018-07-26,3.38,0,25,37,1
2018-07-27,8.19,32.81,41.95,37,1
2018-07-28,8.83,154.2,53.25,37,1
2018-07-30,9.85,55.77,45.8,37,2
2018-07-31,16.42,209.97,75.72,37,1
2018-08-01,16.14,160.76,73.88,37,1
2018-08-03,17.67,698.82,75.8,37,2
2018-08-04,9.83,807.09,43.47,37,1
2018-08-04,14.2,137.8,60.45,37,0
2018-08-06,9.71,416.67,47.62,37,2
2018-08-07,8.13,45.93,36.25,37,1
2018-08-08,16.17,78.74,73.43,37,1
2018-08-10,27.71,816.93,125.73,37,2
2018-08-11,29,2001.31,157.2,37,1
2018-08-13,13.18,187.01,60.17,37,2
2018-08-14,16.41,232.94,79.87,37,1
2018-08-16,16.52,173.88,73.6,37,2
2018-08-17,52.66,5725.07,419.77,37,1
2018-08-21,9.68,144.36,47.15,37,4
2018-08-22,9.83,150.92,46.72,37,1
2018-08-23,9.86,150.92,46.18,37,1
2018-08-24,10.03,137.8,48.83,37,1
2018-08-25,32.3,574.15,138.17,37,1
2018-08-27,8.37,82.02,37.22,37,2
2018-08-30,13.01,311.68,60.6,37,3
2018-08-31,8.18,124.67,38.05,37,1
2018-09-01,16.25,295.28,74.57,37,1
2018-09-03,8.12,183.73,38.23,37,2
2018-09-05,6.76,101.71,32.3,37,2
2018-09-07,3.59,26.25,17.13,37,2
2018-09-08,135.27,18700.79,1195.48,37,1
2018-09-08,25.75,0,216,37,0
2018-09-15,8.15,180.45,39.03,37,7
2018-09-18,9.79,154.2,47.38,37,3
2018-09-21,13.03,328.08,60.68,37,3
2018-09-22,6.99,127.95,30.77,37,1
2018-09-23,18.01,331.36,79.47,37,1
2018-09-25,10.05,154.2,46.18,37,2
2018-09-28,11.35,456.04,58.72,37,3
2018-09-29,12.89,269.03,62.22,37,1
2018-10-02,10.08,147.64,42.88,37,3
2018-10-05,8.22,124.67,35.87,37,3
2018-10-07,5.37,95.14,24.77,37,2
2018-10-07,26.1,357.61,111.68,37,0
2018-10-09,11.85,318.24,53.42,37,2
2018-10-12,14.82,360.89,65.25,37,3
2018-10-13,24.17,219.82,107.15,37,1
2018-10-16,10.08,160.76,45.37,37,3
2018-10-19,15.34,331.36,68.12,37,3
2018-10-20,24.19,1669.95,121.5,37,1
2018-10-23,13.25,160.76,58.4,37,3
2018-10-26,13.56,351.05,61.85,37,3
2018-10-27,22.61,383.86,99.68,37,1
2018-10-29,11.95,206.69,54.07,37,2
2018-10-30,12.27,203.41,55.37,37,1
2018-11-02,6.6,101.71,32.43,37,3
2018-11-03,48.8,4120.74,270.82,37,1
2018-11-08,8.2,127.95,38.82,37,5
2018-11-09,10.04,170.6,45.75,37,1
2018-11-10,8.23,141.08,37.52,37,1
2018-11-11,10.48,59.06,55.27,37,1
2018-11-13,13.18,190.29,59.57,37,2
2018-11-16,15.2,308.4,68.15,37,3
2018-11-17,13.07,203.41,60.25,37,1
2018-11-18,8.87,147.64,41.57,37,1
2018-11-20,10.81,193.57,48.32,37,2
2018-11-22,10.56,269.03,44.03,37,2
2018-11-23,8.12,114.83,36.1,37,1
2018-11-25,7.27,101.71,31.38,37,2
2018-11-27,9.79,164.04,45.75,37,2
2018-11-30,14.89,370.73,65.45,37,3
2018-12-01,8.12,108.27,35,37,1
2018-12-02,18.56,380.58,78.47,37,1
2018-12-04,10,180.45,45.97,37,2
2018-12-07,16.71,429.79,75.78,37,3
2018-12-08,21.38,321.52,91.95,37,1
2018-12-11,12.15,282.15,54.5,37,3
2018-12-14,16.32,439.63,71.47,37,3
2018-12-16,19.44,426.51,88.67,37,2
2018-12-18,14.89,390.42,69.23,37,2
2018-12-21,14.65,406.82,66.68,37,3
2018-12-22,19.53,541.34,86.75,37,1
2018-12-24,9.9,223.1,43.78,37,2
2018-12-25,6.5,187.01,27.68,37,1
2018-12-27,11.29,314.96,51.77,37,2
2018-12-29,22.6,564.3,95.48,37,2
2018-12-31,8.99,203.41,40.93,37,2
2018-12-31,6.54,282.15,29.42,37,0
2019-01-02,11.32,206.69,48.82,38,2
2019-01-03,34.19,1578.08,160.65,38,1
2019-01-05,10.59,344.49,43.75,38,2
2019-01-06,8.14,442.91,37.83,38,1
2019-01-07,10.01,643.04,51.08,38,1
2019-01-08,6.89,328.08,30.92,38,1
2019-01-09,17.39,1361.55,102.02,38,1
2019-01-10,16.26,816.93,73.28,38,1
2019-01-12,12.09,200.13,48.53,38,2
2019-01-14,3.87,72.18,16.78,38,2
2019-01-14,20.93,462.6,87.67,38,0
2019-01-16,13.93,357.61,61.75,38,2
2019-01-17,10.09,154.2,43.72,38,1
2019-01-19,16.46,505.25,72.02,38,2
2019-01-21,8.87,200.13,41.22,38,2
2019-01-23,23.37,331.36,98.48,38,2
2019-01-24,18.77,436.35,83.47,38,1
2019-01-25,13.87,180.45,60.33,38,1
2019-01-27,19.46,203.41,87.2,38,2
2019-01-30,13.7,167.32,57.05,38,3
2019-01-30,32.25,2985.56,189.38,38,0
2019-02-01,7.28,85.3,34.23,38,2
2019-02-01,18.07,298.56,81.7,38,0
2019-02-05,11.44,314.96,51.1,38,4
2019-02-06,11.38,229.66,51.48,38,1
2019-02-08,12.26,610.24,61.95,38,2
2019-02-09,8.09,406.82,37.35,38,1
2019-02-10,8.15,495.41,39.82,38,1
2019-02-13,9.71,629.92,52.02,38,3
2019-02-14,10.96,1079.4,58.65,38,1
2019-02-15,2.42,327.8,15.5,38,1
2019-02-16,12.69,2910.11,109.97,38,1
2019-02-18,3.72,597.11,19.07,38,2
2019-02-20,11.33,301.84,54.57,38,2
2019-02-22,16.42,383.86,71.02,38,2
2019-02-24,13.08,423.23,59.03,38,2
2019-02-26,17.04,485.56,74.42,38,2
2019-02-28,13.19,285.43,58.32,38,2
2019-02-28,32.44,1584.65,155.43,38,0
2019-03-01,16.12,308.4,74.85,38,1
2019-03-03,18.04,351.05,80.75,38,2
2019-03-04,10.02,173.88,45.73,38,1
2019-03-05,12.94,324.8,59.35,38,1
2019-03-07,16.67,196.85,74.33,38,2
2019-03-08,16.15,846.46,78.18,38,1
2019-03-10,25.87,501.97,114,38,2
2019-03-11,12.9,193.57,61.18,38,1
2019-03-12,27.66,1174.54,132.32,38,1
2019-03-13,16.9,180.45,78.92,38,1
2019-03-15,17.08,393.7,76.32,38,2
2019-03-16,16.12,328.08,70.6,38,1
2019-03-17,4.14,42.65,19.32,38,1
2019-03-17,14.97,606.96,54.65,38,0
2019-03-17,7.24,643.04,38.38,38,0
2019-03-18,11.33,288.71,57.28,38,1
2019-03-19,27.7,1213.91,129.58,38,1
2019-03-20,16.11,298.56,77.15,38,1
2019-03-22,16.14,190.29,72.72,38,2
2019-03-23,25.79,1755.25,127.47,38,1
2019-03-24,15.29,1059.71,75.07,38,1
2019-03-27,9.83,131.23,43.93,38,3
2019-03-27,16.18,190.29,74.38,38,0
2019-03-28,12.91,141.08,55.08,38,1
2019-03-29,27.69,1171.26,127.6,38,1
2019-03-30,43.51,2719.82,252.37,38,1
2019-03-30,7.24,0,37,38,0
2019-04-01,12.89,308.4,62.83,38,2
2019-04-02,27.71,1167.98,130.4,38,1
2019-04-03,16.4,403.54,76,38,1
2019-04-05,16.51,393.7,73.37,38,2
2019-04-06,31.43,984.25,151.18,38,1
2019-04-06,2.41,0,11.32,38,0
2019-04-08,13.12,147.64,61.78,38,2
2019-04-09,27.72,1161.42,129.57,38,1
2019-04-10,16.13,167.32,72.23,38,1
2019-04-11,12.96,334.65,61.3,38,1
2019-04-13,6.85,111.55,31.02,38,2
2019-04-14,1.61,0,9,38,1
2019-04-14,41.98,521.65,166.23,38,0
2019-04-16,9.7,147.64,46.37,38,2
2019-04-17,10.03,154.2,48.03,38,1
2019-04-18,12.91,177.17,58.48,38,1
2019-04-19,10,154.2,48.08,38,1
2019-04-20,9.67,219.82,44.47,38,1
2019-04-21,25.82,1879.92,132.78,38,1
2019-04-22,10,150.92,47.12,38,1
2019-04-23,10.08,124.67,47.75,38,1
2019-04-25,12.9,173.88,58.57,38,2
2019-04-26,8.09,118.11,38.25,38,1
2019-04-27,16.13,354.33,73.33,38,1
2019-04-28,4.89,183.73,16.93,38,1
2019-04-29,8.11,114.83,39.03,38,1
2019-04-30,6.47,114.83,31.18,38,1
2019-05-02,4.84,91.86,22.65,38,2
2019-05-03,3.27,50.66,14.63,38,1
2019-05-04,99.25,11167.98,642.7,38,1
2019-05-10,7.45,127.95,34.43,38,6
2019-05-10,13.17,170.6,61.97,38,0
2019-05-11,15.32,291.99,70.88,38,1
2019-05-14,12.98,154.2,58.77,38,3
2019-05-16,6.7,104.99,31.78,38,2
2019-05-17,13.07,308.4,59.17,38,1
2019-05-18,16.15,298.56,71.55,38,1
2019-05-21,11.48,154.2,50.33,38,3
2019-05-23,6.77,108.27,30.7,38,2
2019-05-24,14.82,324.8,65.05,38,1
2019-05-25,16.33,288.71,72.85,38,1
2019-05-26,6.91,68.9,30.63,38,1
2019-05-27,21.27,485.56,95.05,38,1
2019-05-29,10.02,160.76,46.17,38,2
2019-05-30,7.09,104.99,33.52,38,1
2019-05-31,10.03,154.2,46.12,38,1
2019-06-02,20.13,400.26,92.12,38,2
2019-06-04,10.21,187.01,46.88,38,2
2019-06-05,6.94,108.27,32.72,38,1
2019-06-07,15.54,380.58,70.32,38,2
2019-06-09,9.92,203.41,43.08,38,2
2019-06-11,13.72,239.5,62.22,38,2
2019-06-13,10.08,144.36,46.43,38,2
2019-06-14,6.84,104.99,32.15,38,1
2019-06-15,1.63,72.18,7.92,38,1
2019-06-15,1.84,104.99,10.75,38,0
2019-06-15,21.5,2624.67,108.08,38,0
2019-06-18,13.2,311.68,60.63,38,3
2019-06-20,7.31,108.27,34.18,38,2
2019-06-21,16.51,291.99,76.03,38,1
2019-06-22,22.57,511.81,99.92,38,1
2019-06-25,13.36,272.31,60.85,38,3
2019-06-26,7.58,104.99,35.53,38,1
2019-06-27,11.36,183.73,52.97,38,1
2019-06-28,13.85,488.85,66.57,38,1
2019-06-29,10.72,370.73,53.82,38,1
2019-07-02,11.43,183.73,51.78,38,3
2019-07-03,6.95,141.08,32.73,38,1
2019-07-06,9.75,187.01,43.82,38,3
2019-07-06,16.15,360.89,74.52,38,0
2019-07-08,11.67,318.24,52.12,38,2
2019-07-09,9.7,137.8,45.63,38,1
2019-07-10,13.39,196.85,60.97,38,1
2019-07-12,13.28,150.92,60.62,38,2
2019-07-15,12.1,232.99,51.18,38,3
2019-07-16,8.15,58.33,44.07,38,1
2019-07-18,8.94,13.12,37.88,38,2
2019-07-19,11.36,19.69,50.8,38,1
2019-07-21,13.12,246.06,59.42,38,2
2019-07-23,11.83,183.73,54.57,38,2
2019-07-25,11.3,232.94,51.75,38,2
2019-07-26,12.94,180.45,57.82,38,1
2019-07-28,7.46,104.99,39.3,38,2
2019-07-30,13.76,308.4,60.68,38,2
2019-07-31,6.86,111.55,31.75,38,1
2019-08-01,10.16,147.64,45.5,38,1
2019-08-02,13.37,314.96,60.2,38,1
2019-08-03,30.68,1391.08,151.37,38,1
2019-08-06,13.88,347.77,62.72,38,3
2019-08-07,7.49,101.71,34.38,38,1
2019-08-08,11.67,239.5,53.22,38,1
2019-08-09,13.93,236.22,61.12,38,1
2019-08-10,12.89,341.21,62.88,38,1
2019-08-12,5.17,101.71,23.43,38,2
2019-08-13,14.6,347.77,64.3,38,1
2019-08-14,14.51,157.48,65.47,38,1
2019-08-15,11.31,167.32,51.12,38,1
2019-08-16,13.73,177.17,61.55,38,1
2019-08-17,23.56,754.59,105.25,38,1
2019-08-19,5.1,91.86,24.22,38,2
2019-08-20,67.15,9655.51,564.55,38,1
2019-08-23,9.82,173.88,50.02,38,3
2019-08-24,9.98,1125.33,56.92,38,1
2019-08-27,13.52,177.17,60.35,38,3
2019-08-28,8.38,121.39,39.08,38,1
2019-08-29,13.04,255.91,60.33,38,1
2019-08-30,8.38,127.95,39.05,38,1
2019-08-31,14.75,255.91,65.07,38,1
2019-09-02,9.74,141.08,55.12,38,2
2019-09-04,8.33,124.67,40.23,38,2
2019-09-06,4.84,98.43,23.37,38,2
2019-09-07,50.85,7043.96,371.67,38,1
2019-09-11,7.52,95.14,35.57,38,4
2019-09-12,7.46,147.64,35.35,38,1
2019-09-13,8.34,127.95,39.02,38,1
2019-09-14,11.49,232.94,50.23,38,1
2019-09-17,13.87,187.01,61.32,38,3
2019-09-19,13.21,334.65,58.98,38,2
2019-09-20,10.15,164.04,46.18,38,1
2019-09-21,18.57,433.07,80.95,38,1
2019-09-24,16.25,423.23,72.57,38,3
2019-09-26,13.09,239.5,60.2,38,2
2019-09-27,13.41,318.24,60.37,38,1
2019-09-28,19.36,403.54,85.35,38,1
2019-09-30,10.21,154.2,46.38,38,2
2019-10-01,12.9,147.64,57.57,38,1
2019-10-03,6.85,104.99,32.07,38,2
2019-10-04,5.83,88.58,26.8,38,1
2019-10-06,41.26,859.58,178.72,38,2
2019-10-08,6.54,88.58,31.6,38,2
2019-10-10,8.33,134.51,37.62,38,2
2019-10-11,6.55,121.39,31.03,38,1
2019-10-12,16.17,255.91,68.62,38,1
2019-10-15,10.23,157.48,45.3,38,3
2019-10-17,12.58,154.2,56.33,38,2
2019-10-18,10.14,160.76,46.37,38,1
2019-10-19,25.88,751.31,110.57,38,1
2019-10-22,10.14,144.36,46.22,38,3
2019-10-24,13.52,344.49,60.47,38,2
2019-10-25,7.47,101.71,34.68,38,1
2019-10-26,22.77,305.12,97.9,38,1
2019-10-28,10.52,209.97,46.47,38,2
2019-10-29,11.33,334.65,51.02,38,1
2019-10-30,10.47,288.71,49.53,38,1
2019-10-31,13.12,114.83,56.02,38,1
2019-11-02,8.15,111.55,34.93,38,2
2019-11-04,8.45,124.67,36.13,38,2
2019-11-06,11.67,291.99,51.9,38,2
2019-11-07,10.63,196.85,46.37,38,1
2019-11-08,10.57,295.28,47.63,38,1
2019-11-09,17.98,406.82,78.87,38,1
2019-11-12,8.23,209.97,37.47,38,3
2019-11-14,10.48,160.76,47.32,38,2
2019-11-15,13.22,314.96,59.5,38,1
2019-11-16,19.53,1443.57,97.52,38,1
2019-11-19,13.72,150.92,61.78,38,3
2019-11-21,13.29,236.22,57.23,38,2
2019-11-22,11.75,298.56,51.07,38,1
2019-11-23,24.23,446.19,104.8,38,1
2019-11-26,13.79,797.24,63.67,38,3
2019-11-27,8.26,469.16,36.15,38,1
2019-11-28,7.5,341.21,32.82,38,1
2019-11-29,13,807.09,61.55,38,1
2019-12-01,13.89,708.66,59.6,38,2
2019-12-02,10.08,479,43.78,38,1
2019-12-04,10.67,216.54,46.67,38,2
2019-12-05,14.66,167.32,65.25,38,1
2019-12-06,11.35,282.15,49.97,38,1
2019-12-08,14.53,252.62,62.18,38,2
2019-12-10,14.73,288.71,63.23,38,2
2019-12-12,13.9,249.34,59.92,38,2
2019-12-13,14.1,354.33,63.08,38,1
2019-12-14,18.63,291.99,82.07,38,1
2019-12-20,13.32,344.49,60.22,38,6
2019-12-21,6.93,104.99,30.35,38,1
2019-12-22,17.06,406.82,75.5,38,1
2019-12-24,13.91,249.34,60.68,38,2
2019-12-25,7.27,101.71,31.4,38,1
2019-12-26,10.54,154.2,48.4,38,1
2019-12-28,15.32,183.73,68.8,38,2
2019-12-28,12.09,196.85,52.38,38,0
2019-12-29,16.65,314.96,75.18,38,1
2019-12-30,7.74,104.99,36.93,38,1
2019-12-31,44.35,3103.67,312.93,38,1
2019-12-31,4.27,0,27.33,38,0
2020-01-01,6.52,104.99,30.43,39,1
2020-01-03,10.47,157.48,45.98,39,2
2020-01-05,10.67,239.5,48.68,39,2
2020-01-06,10.72,121.39,47.13,39,1
2020-01-07,16.34,242.78,73.9,39,1
2020-01-09,14.64,265.75,66.23,39,2
2020-01-10,10.89,314.96,48.92,39,1
2020-01-11,14.59,265.75,61.77,39,1
2020-01-12,9.85,137.8,42.23,39,1
2020-01-14,16.42,183.73,73.33,39,2
2020-01-16,16.26,403.54,73.32,39,2
2020-01-17,10.57,164.04,47.53,39,1
2020-01-18,5.09,59.06,19.63,39,1
2020-01-23,8.23,108.27,35.72,39,5
2020-01-24,10.53,259.19,46.75,39,1
2020-01-25,21.6,446.19,90.75,39,1
2020-01-27,8.2,108.27,35.77,39,2
2020-01-28,16.31,295.28,71.58,39,1
2020-01-29,10.5,252.62,46.65,39,1
2020-01-30,16.27,282.15,71.42,39,1
2020-01-31,14.03,370.73,63.27,39,1
2020-02-04,16.5,301.84,70.05,39,4
2020-02-06,16.51,213.25,72.68,39,2
2020-02-07,12.62,318.24,56.32,39,1
2020-02-08,18.24,390.42,76.77,39,1
2020-02-10,9.87,255.91,44.27,39,2
2020-02-10,9.76,144.36,42.78,39,0
2020-02-12,11.63,318.24,51.87,39,2
2020-02-13,19.45,285.43,82.85,39,1
2020-02-17,11.45,150.92,47.7,39,4
2020-02-18,16.46,236.22,71.6,39,1
2020-02-20,17.01,216.54,74.55,39,2
2020-02-21,13.88,347.77,60.47,39,1
2020-02-22,22.72,1666.67,108.67,39,1
2020-02-23,7.41,127.95,33.37,39,1
2020-02-25,16.19,213.25,71.12,39,2
2020-02-27,16.15,259.19,71.02,39,2
2020-02-28,12.97,213.25,54.57,39,1
2020-02-29,29.07,547.9,115.78,39,1
2020-03-02,8.21,252.62,38.23,39,2
2020-03-03,16.17,219.82,74.27,39,1
2020-03-05,16.66,314.96,72.63,39,2
2020-03-06,10.52,367.45,46.12,39,1
2020-03-07,33,1020.34,145.1,39,1
2020-03-09,8.21,246.06,37.37,39,2
2020-03-10,16.15,141.08,71.75,39,1
2020-03-12,16.15,209.97,69.98,39,2
2020-03-13,12.9,337.93,59.02,39,1
2020-03-15,27.08,921.92,116.43,39,2
2020-03-16,8.2,219.82,38.28,39,1
2020-03-17,15.31,419.95,66.92,39,1
2020-03-18,5.02,101.71,37.25,39,1
2020-03-19,13.29,164.04,57.47,39,1
2020-03-20,8.29,213.25,36.88,39,1
2020-03-21,31.63,1062.99,141.08,39,1
2020-03-23,8.37,137.8,38.63,39,2
2020-03-24,13.22,328.08,60.08,39,1
2020-03-26,13.36,344.49,60.72,39,2
2020-03-27,10.18,160.76,46.15,39,1
2020-03-28,23.42,272.31,97.75,39,1
2020-03-30,6.54,88.58,27.85,39,2
2020-03-30,8.38,124.67,37.97,39,0
2020-03-31,16.17,334.65,70.93,39,1
2020-04-01,5.09,68.9,34.4,39,1
2020-04-02,13.1,396.98,60.68,39,1
2020-04-03,10.93,121.39,46.78,39,1
2020-04-04,33.92,711.94,151.32,39,1
2020-04-06,9.81,137.8,45.13,39,2
2020-04-07,16.42,282.15,74.37,39,1
2020-04-09,16.2,387.14,72.02,39,2
2020-04-10,10.49,196.85,46.33,39,1
2020-04-11,22.91,561.02,100.98,39,1
2020-04-13,10.16,144.36,45.9,39,2
2020-04-14,13.4,262.47,61.32,39,1
2020-04-16,13,255.91,59.33,39,2
2020-04-17,13.29,187.01,55.33,39,1
2020-04-18,32.47,479,143.6,39,1
2020-04-20,13.12,269.03,60.18,39,2
2020-04-21,16.66,154.2,75.77,39,1
2020-04-22,12.97,164.04,55.18,39,1
2020-04-24,16.27,203.41,74.62,39,2
2020-04-25,24.2,370.73,109.58,39,1
2020-04-27,13.08,318.24,60.25,39,2
2020-04-28,17.77,305.12,81.07,39,1
2020-04-30,17.75,275.59,81.33,39,2
2020-05-01,14.65,180.45,62.93,39,1
2020-05-02,29.15,524.93,129.87,39,1
2020-05-04,10.17,164.04,47.92,39,2
2020-05-05,13.7,341.21,63.68,39,1
2020-05-06,8.27,137.8,40.77,39,1
2020-05-07,13.17,177.17,62.1,39,1
2020-05-09,37.06,748.03,177.08,39,2
2020-05-11,10.21,154.2,47.37,39,2
2020-05-12,14.87,383.86,63.88,39,1
2020-05-13,11.34,160.76,52.35,39,1
2020-05-15,11.34,137.8,47.08,39,2
2020-05-16,23.39,354.33,104.73,39,1
2020-05-18,8.08,101.71,35.27,39,2
2020-05-19,11.4,150.92,50.63,39,1
2020-05-20,9.89,164.04,41.63,39,1
2020-05-22,12.99,203.41,56.38,39,2
2020-05-23,32.35,528.22,144.83,39,1
2020-05-25,13.54,337.93,61.73,39,2
2020-05-26,12.48,213.25,57.73,39,1
2020-05-27,8.13,104.99,39.03,39,1
2020-05-28,25.81,364.17,126.05,39,1
2020-05-30,13.28,262.47,60.2,39,2
2020-06-01,13.38,177.17,61.38,39,2
2020-06-02,22.71,1105.64,107.05,39,1
2020-06-03,11.31,147.64,58.17,39,1
2020-06-04,16.17,232.94,73.82,39,1
2020-06-05,9.06,124.67,42.75,39,1
2020-06-06,19.51,387.14,88.57,39,1
2020-06-08,5.07,85.3,22.25,39,2
2020-06-08,13.41,219.82,64.33,39,0
2020-06-09,27.62,492.13,128.12,39,1
2020-06-10,8.54,118.11,40.45,39,1
2020-06-11,11.43,160.76,54.13,39,1
2020-06-12,14.91,203.41,66.2,39,1
2020-06-13,22.86,311.68,103.27,39,1
2020-06-14,14.99,272.31,69.05,39,1
2020-06-15,13.37,331.36,59.97,39,1
2020-06-16,16.31,226.38,71.9,39,1
2020-06-18,9.83,141.08,44.43,39,2
2020-06-19,41.11,6046.59,355.62,39,1
2020-06-22,6.55,183.73,29.07,39,3
2020-06-22,10.18,111.55,44.35,39,0
2020-06-24,9.7,121.39,42.8,39,2
2020-06-24,6.55,72.18,29.08,39,0
2020-06-25,51.15,7099.74,484.48,39,1
2020-06-27,11.82,249.34,53.7,39,2
2020-06-28,5.84,95.14,26.27,39,1
2020-06-29,10.49,150.92,45.97,39,1
2020-06-30,21.12,311.68,89.98,39,1
2020-07-01,16.83,180.45,73.58,39,1
2020-07-02,9.79,127.95,44.58,39,1
2020-07-03,6.64,85.3,29.02,39,1
2020-07-04,10.91,141.08,55.93,39,1
2020-07-06,6.58,118.11,28.68,39,2
2020-07-06,11.81,291.99,50.52,39,0
2020-07-07,21.38,321.52,88.55,39,1
2020-07-08,12.09,187.01,53.05,39,1
2020-07-09,26.19,1282.81,122.52,39,1
2020-07-10,19.99,308.4,90.92,39,1
2020-07-11,17.77,387.14,80.82,39,1
2020-07-13,6.56,101.71,29.32,39,2
2020-07-13,10.14,137.8,46.3,39,0
2020-07-14,18.3,928.48,85.92,39,1
2020-07-15,5.63,75.46,25.45,39,1
2020-07-16,16.6,288.71,75.48,39,1
2020-07-17,16.5,272.31,75.12,39,1
2020-07-18,16.8,364.17,73.57,39,1
2020-07-20,13.05,170.6,55.1,39,2
2020-07-21,16.41,298.56,75.38,39,1
2020-07-22,12.91,255.91,60.65,39,1
2020-07-23,32.45,393.7,143.1,39,1
2020-07-24,17.33,313.26,76.87,39,1
2020-07-25,4.91,67.95,20.65,39,1
2020-07-27,12.97,203.41,56.27,39,2
2020-07-29,12.92,180.45,59.03,39,2
2020-07-30,18.95,4717.85,175.68,39,1
2020-08-02,22.63,291.99,101.47,39,3
2020-08-02,8.21,124.67,35.53,39,0
2020-08-03,13.11,265.75,61.2,39,1
2020-08-04,27.4,367.45,126.72,39,1
2020-08-05,6.61,104.99,30.1,39,1
2020-08-05,11.29,147.64,54.88,39,0
2020-08-06,17.4,314.96,80.58,39,1
2020-08-07,13.08,88.58,65.93,39,1
2020-08-08,7.93,167.32,43.93,39,1
2020-08-08,7.69,301.84,40.42,39,0
2020-08-10,12.96,269.03,60.78,39,2
2020-08-11,50.56,7021,401.03,39,1
2020-08-13,9.83,144.36,43.53,39,2
2020-08-14,9.7,216.54,44.25,39,1
2020-08-15,13.92,288.71,61.38,39,1
2020-08-16,10.08,203.41,43.83,39,1
2020-08-17,13.46,246.06,59.78,39,1
2020-08-18,13.79,272.31,60.07,39,1
2020-08-19,13.89,354.33,60.98,39,1
2020-08-19,8.34,219.82,37.73,39,0
2020-08-20,8.43,127.95,37.52,39,1
2020-08-21,16.55,275.59,70.22,39,1
2020-08-22,30.22,1459.97,155.58,39,1
2020-08-24,12.91,272.31,60.62,39,2
2020-08-25,68.15,10022.97,564.33,39,1
2020-08-27,10.08,229.66,48.58,39,2
2020-08-28,10.2,150.92,47.33,39,1
2020-08-29,10.15,160.76,46.53,39,1
2020-08-31,10.75,351.05,48.75,39,2
2020-08-31,9.78,144.36,43.17,39,0
2020-09-02,11.72,157.48,53.03,39,2
2020-09-03,9.86,131.23,45.3,39,1
2020-09-04,16.26,190.29,75.63,39,1
2020-09-05,8.98,7.36,41.27,39,1
2020-09-08,8.09,104.99,37.53,39,3
2020-09-09,6.5,98.43,29.35,39,1
2020-09-12,174.47,19842.65,1621.72,39,3
2020-09-21,6.67,127.95,33.08,39,9
2020-09-21,6.57,104.99,33.13,39,0
2020-09-22,6.57,78.74,30.57,39,1
2020-09-23,8.42,226.38,39.25,39,1
2020-09-24,10.02,118.11,46.25,39,1
2020-09-25,6.62,75.46,32.08,39,1
2020-09-26,13.36,275.59,60.68,39,1
2020-09-28,10.15,141.08,45.12,39,2
2020-09-30,11.49,154.2,52.6,39,2
2020-09-30,9.69,137.8,47.5,39,0
2020-10-01,9.05,141.08,42.15,39,1
2020-10-03,16.92,482.28,79.67,39,2
2020-10-05,8.88,131.23,41.8,39,2
2020-10-07,6.5,91.86,29.75,39,2
2020-10-08,4.87,75.46,22.7,39,1
2020-10-09,3.38,59.06,16.18,39,1
2020-10-10,77.99,12181.76,665.83,39,1
2020-10-15,6.55,85.3,30.68,39,5
2020-10-16,6.49,114.83,29.55,39,1
2020-10-17,10.7,242.78,49.15,39,1
2020-10-19,8.45,124.67,38.3,39,2
2020-10-21,6.92,111.55,30.72,39,2
2020-10-21,6.81,213.25,30.25,39,0
2020-10-22,7.35,124.67,32.28,39,1
2020-10-23,6.71,101.71,29.63,39,1
2020-10-24,13.72,377.3,59.57,39,1
2020-10-26,8.47,121.39,37.25,39,2
2020-10-26,6.61,91.86,29,39,0
2020-10-28,10.58,275.59,47.07,39,2
2020-10-28,6.85,206.69,32.6,39,0
2020-10-29,6.69,101.71,30.43,39,1
2020-10-30,8.07,91.86,35.1,39,1
2020-10-31,9.69,124.67,42.52,39,1
2020-11-01,14.1,282.15,61.7,39,1
2020-11-02,8.38,121.39,37.33,39,1
2020-11-04,6.76,98.43,30.17,39,2
2020-11-04,7,104.99,30.28,39,0
2020-11-06,8.23,98.43,35.67,39,2
2020-11-06,7.32,114.83,31.52,39,0
2020-11-07,16.37,301.84,70.88,39,1
2020-11-09,6.66,75.46,28.88,39,2
2020-11-09,8.39,131.23,34.25,39,0
2020-11-11,8.47,121.39,37.43,39,2
2020-11-11,8.93,101.71,39.15,39,0
2020-11-12,6.84,85.3,30.32,39,1
2020-11-13,6.88,65.62,30.42,39,1
2020-11-15,10.61,173.88,48.27,39,2
2020-11-16,6.57,95.14,28.83,39,1
2020-11-16,7.27,91.86,32.03,39,0
2020-11-17,44.95,3661.42,337.13,39,1
2020-11-19,6.84,88.58,30.23,39,2
2020-11-20,8.07,95.14,35.73,39,1
2020-11-22,10.23,252.62,46.42,39,2
2020-11-23,5.09,68.9,22.08,39,1
2020-11-23,6.85,95.14,30.42,39,0
2020-11-24,9.11,147.64,40.4,39,1
2020-11-25,7.1,114.83,30.97,39,1
2020-11-26,10.26,259.19,62,39,1
2020-11-28,8.51,114.83,37.5,39,2
2020-11-29,5.2,65.62,22.3,39,1
2020-11-29,13.57,383.86,60.27,39,0
2020-11-30,7.26,72.18,36.47,39,1
2020-12-02,7.37,114.83,32.75,39,2
2020-12-02,7.27,91.86,30.98,39,0
2020-12-03,8.41,108.27,37.33,39,1
2020-12-04,7.25,111.55,30.62,39,1
2020-12-05,16.7,410.1,72.55,39,1
2020-12-07,5.32,85.3,22.77,39,2
2020-12-07,10.07,147.64,44.23,39,0
2020-12-09,7.78,124.67,32.23,39,2
2020-12-09,10.01,108.27,45.15,39,0
2020-12-10,6.54,131.23,28.8,39,1
2020-12-11,7.37,121.39,32.17,39,1
2020-12-13,8.38,134.51,36.5,39,2
2020-12-14,5.23,52.49,32.93,39,1
2020-12-14,9.01,127.95,38.92,39,0
2020-12-16,8.59,111.55,38.77,39,2
2020-12-16,7.26,91.86,31.23,39,0
2020-12-17,8.18,108.27,36.4,39,1
2020-12-18,7.27,124.67,32.1,39,1
2020-12-20,13.71,314.96,60.97,39,2
2020-12-21,5.42,82.02,24.2,39,1
2020-12-21,8.18,144.36,36.05,39,0
2020-12-23,8.46,137.8,36.57,39,2
2020-12-24,16.3,318.24,73.6,39,1
2020-12-26,5.03,88.58,21.78,39,2
2020-12-26,7.6,104.99,32.88,39,0
2020-12-27,7.65,101.71,31.45,39,1
2021-01-02,9.76,167.32,41.27,40,6
2021-01-03,11.31,275.59,52.43,40,1
2021-01-04,11.85,255.91,53.12,40,1
